{
	"name": "_mathjs",
	"title": "Math.js",
	"description": "LIBRARY: Math.js - This module is just a dependency for other modules and does not offer any functionality on its own. This module includes the popular Math.js library.",
	"version": "7.5.1-fvtt1",
	"authors": [
		{
			"name": "The League of Extraodinary FVTT Developers",
			"url": "https://github.com/League-of-Foundry-Developers"
		},
		{
			"name": "Jos de Jong",
			"url": "https://mathjs.org/"
		}
	],
	"minimumCoreVersion": "0.0.0",
	"compatibleCoreVersion": "1.0.0",
	"scripts": [
		"math.min.js"
	],
	"manifest": "https://raw.githubusercontent.com/League-of-Foundry-Developers/mathjs-lib/master/module.json",
	"url": "https://github.com/League-of-Foundry-Developers/mathjs-lib",
	"download": "https://github.com/League-of-Foundry-Developers/mathjs-lib/releases/download/v7.5.1-fvtt1/_mathjs.zip"
}